{
  "x": [
    0.47, 0.53, 0.51, 0.49, 0.48, 0.52, 0.5, 0.54, 0.46, 0.5, 1.02, 0.98, 0.99,
    1.01, 1, 1.03, 0.97, 1, 1.04, 0.96, 2.05, 1.95, 1.96, 2.04, 2, 2.03, 1.97,
    2, 2.06, 1.94, 0.55, 0.45, 0.56, 0.44, 0.6, 0.4, 0.57, 0.43, 0.58, 0.42,
    1.07, 0.93, 1.08, 0.92, 1.1, 0.9, 1.09, 0.91, 1.12, 0.88
  ],

  "y": [
    5.3, 2.5, 11.8, 15.1, 8.8, 20.5, 18.2, 6.6, 1.9, 21.1, 15.3, 17.4, 15.5,
    27.2, 21.9, 24.6, 13.2, 21.3, 23.4, 14.6, 21.1, 25.1, 26.9, 32.5, 28.5,
    32.6, 22.5, 30.3, 31.2, 18.9, 12.6, 8.1, 20.7, 4.4, 2.7, 17.5, 16.1, 4.4,
    12.4, 14.8, 24.9, 23.5, 19.0, 27.3, 14.7, 27.2, 23.1, 18.9, 16.1, 23.3
  ],
  "category": [
    "Group 1",
    "Group 1",
    "Group 1",
    "Group 1",
    "Group 1",
    "Group 2",
    "Group 2",
    "Group 2",
    "Group 2",
    "Group 2",
    "Group 3",
    "Group 3",
    "Group 3",
    "Group 3",
    "Group 3"
  ],

  "score": [
    1.5, 1.7, 2.1, 1.9, 3.1, 1.2, 0.9, 1.1, 2.3, 2.8, 3.2, 3.1, 2.9, 3.5, 3.3
  ],
  "condition_yes": ["CCA", "CCA", "CCA", "CCA", "CCA", "CCA"],
  "CCA_yes": [2.4493, 2.39916, 4.2099, 2.27715, 2.62768, 5.04169],
  "condition_no": [
    "CCA",
    "CCA",
    "CCA",
    "CCA",
    "CCA",
    "CCA",
    "CCA",
    "CCA",
    "CCA",
    "CCA",
    "CCA",
    "CCA",
    "CCA",
    "CCA",
    "CCA",
    "CCA",
    "CCA",
    "CCA",
    "CCA",
    "CCA",
    "CCA"
  ],
  "CCA_no": [
    3.85564, 4.69642, 3.87298, 2.41484, 6.37467, 3.20815, 2.79156, 2.3781,
    3.34368, 3.84308, 4.34533, 2.83114, 2.1022, 3.67613, 2.7573, 3.75311,
    3.06818, 3.4638, 3.7143, 3.86326, 4.04088
  ],
  "CCA": {
    "group": [
      "yes",
      "yes",
      "yes",
      "yes",
      "yes",
      "yes",
      "no",
      "no",
      "no",
      "no",
      "no",
      "no",
      "no",
      "no",
      "no",
      "no",
      "no",
      "no",
      "no",
      "no",
      "no",
      "no",
      "no",
      "no",
      "no",
      "no",
      "no",
      "healthy",
      "healthy",
      "healthy"
    ],
    "value": [
      2.4493, 2.39916, 4.2099, 2.27715, 2.62768, 5.04169, 3.85564, 4.69642,
      3.87298, 2.41484, 6.37467, 3.20815, 2.79156, 2.3781, 3.34368, 3.84308,
      4.34533, 2.83114, 2.1022, 3.67613, 2.7573, 3.75311, 3.06818, 3.4638,
      3.7143, 3.86326, 4.04088, 4.49363, 5.36436, 5.0307
    ]
  },
  "CCA_filtered_Fibrosis": {
    "CCA_yes": {
      "group": ["yes", "yes", "yes"],
      "Fib_high": [2.4493, 2.39916, 4.2099],
      "Fib_low": [2.27715, 2.62768, 5.04169]
    },
    "CCA_no": {
      "group": [
        "no",
        "no",
        "no",
        "no",
        "no",
        "no",
        "no",
        "no",
        "no",
        "no",
        "no",
        "no",
        "no",
        "no",
        "no",
        "no"
      ],
      "Fib_high": [
        3.85564, 4.69642, 3.87298, 2.41484, 6.37467, 3.20815, 2.79156, 2.55358,
        5.44064, 3.60423, 6.44147, 3.49058, 6.34166, 3.7143, 3.86326, 4.04088
      ],
      "Fib_low": [
        2.3781, 3.34368, 3.84308, 4.34533, 2.83114, 2.1022, 3.67613, 2.7573,
        3.75311, 3.06818, 3.4638
      ]
    },
    "healthy": {
      "group": ["healthy", "healthy", "healthy"],
      "value": [4.49363, 5.36436, 5.0307]
    }
  }
}
